Group,Feature,Feature_Label,N_SHAP,SHAP_Min,SHAP_Max,SHAP_Range,SHAP_P05,SHAP_P95,SHAP_Robust_Range_P05_P95,Mean_Absolute_SHAP,High_minus_Low_SHAP,SHAP_Feature_Spearman
Overall,avg_noise_day,Daytime noise,6845,-0.2769540250301361,0.19911587238311768,0.4760698974132538,-0.09065271317958831,0.06476704776287069,0.15541976094245902,0.03359481253329343,-0.08483647971326191,-0.8464082688059092
Overall,Density25,Tree density (25 m),6845,-0.2807760238647461,0.6444128155708313,0.9251888394355774,-0.11020055711269379,0.15963815152645106,0.26983870863914483,0.06913192231075896,0.18975748759176436,0.91740960460403
Overall,Mono_Rate,Monoculture rate,6845,-0.15949688851833344,0.11926113814115524,0.2787580266594887,-0.060828303545713426,0.04353992864489547,0.1043682321906089,0.023931878025206035,-0.051167863860373794,-0.5675008605990114
Overall,avg_svf,Sky-view factor,6845,-0.1328900307416916,0.18054944276809692,0.3134394735097885,-0.049307812750339505,0.07622876763343803,0.12553658038377752,0.031538128785477584,-0.05692246225993764,-0.6344870749961256
Overall,avg_radiation,Solar radiation,6845,-0.24661460518836975,0.16384169459342957,0.4104562997817993,-0.10425029546022414,0.09162528663873672,0.19587558209896086,0.04689841452914002,-0.1360388831626041,-0.8679325798467086
Overall,avg_LST,Land-surface temperature,6845,-0.3239477574825287,0.16718396544456482,0.4911317229270935,-0.0838176742196083,0.048172502964734965,0.13199017718434325,0.029441911424860693,0.018927437851578806,0.16256772125010466
Overall,lightemiss,Night illumination,6845,-0.22051821649074554,0.19752372801303864,0.4180419445037842,-0.04685098752379417,0.027445875853300092,0.07429686337709426,0.017368832083990336,-0.0019426513257769125,0.1443302332492031
Overall,type_Puisto,Park context,6845,-0.05783623456954956,0.15117058157920837,0.20900681614875793,-0.021104857698082923,0.026493532955646472,0.047598390653729394,0.010077086427411636,0.008203489106550515,
Overall,soil_infill,Soil: fill,6845,-0.07405990362167358,0.07884259521961212,0.1529024988412857,-0.033169541507959366,0.030426211282610888,0.06359575279057025,0.018710920098486957,0.03741323328063343,
Overall,soil_bedrock,Soil: bedrock,6845,-0.08371618390083313,0.10948047786951065,0.19319666177034378,-0.043371210992336276,0.05016744360327715,0.09353865459561342,0.028385517780299473,-0.05689983622079192,
Overall,soil_moraine,Soil: moraine,6845,-0.17443031072616577,0.03462035953998566,0.20905067026615143,-0.04444115683436393,0.00915224179625511,0.05359339863061904,0.008721128962670988,-0.06610278397218387,
Conifer,avg_noise_day,Daytime noise,855,-0.1184779480099678,0.11235574632883072,0.23083369433879852,-0.04228184670209884,0.07849383652210236,0.12077568322420121,0.03190694402660616,-0.08079455977522675,-0.9117386422015719
Conifer,Density25,Tree density (25 m),855,-0.1887187659740448,0.6444128155708313,0.8331315815448761,-0.09176378399133682,0.19717078059911716,0.28893456459045397,0.07814348659839628,0.210327665838041,0.9115310132603469
Conifer,Mono_Rate,Monoculture rate,855,-0.1283799409866333,0.09123186767101288,0.21961180865764618,-0.037222450226545335,0.041184021160006516,0.07840647138655185,0.019888434679879212,0.0026611669126868354,0.03409464457277703
Conifer,avg_svf,Sky-view factor,855,-0.1049770787358284,0.10590346902608871,0.21088054776191711,-0.043545997887849804,0.050504902750253676,0.09405090063810348,0.02288652766942372,-0.03470926684519274,-0.46222710124822486
Conifer,avg_radiation,Solar radiation,855,-0.23494809865951538,0.15675783157348633,0.3917059302330017,-0.09780102074146271,0.08499254509806627,0.182793565839529,0.046352083379745196,-0.12120051232382012,-0.8304922851617326
Conifer,avg_LST,Land-surface temperature,855,-0.30863678455352783,0.09045708924531937,0.3990938737988472,-0.09634445756673812,0.05364324077963828,0.1499876983463764,0.03178796755136004,0.06022572078416777,0.5175593979541366
Conifer,lightemiss,Night illumination,855,-0.1636219322681427,0.07626252621412277,0.23988445848226547,-0.040104451775550845,0.027200666442513458,0.0673051182180643,0.01475181935071858,0.012963911600769151,0.3695703264388477
Conifer,type_Puisto,Park context,855,-0.022601623088121414,0.09643382579088211,0.11903544887900352,-0.003957547619938851,0.020850128494203084,0.024807676114141933,0.0063576570742495345,-0.02773760024625352,
Conifer,soil_infill,Soil: fill,855,-0.05573687702417374,0.069476418197155,0.12521329522132874,-0.02905513532459736,0.025523326359689236,0.054578461684286594,0.01801309107767237,0.03698086176246624,
Conifer,soil_bedrock,Soil: bedrock,855,-0.08371618390083313,0.08404160290956497,0.1677577868103981,-0.05329310446977615,0.05316927433013912,0.10646237879991527,0.03455252119868297,-0.07052656432662366,
Conifer,soil_moraine,Soil: moraine,855,-0.09867648035287857,0.03462035953998566,0.13329683989286423,-0.05425221435725689,0.009883018955588336,0.06413523331284522,0.010139173115676811,-0.055193534397936755,
Broadleaf,avg_noise_day,Daytime noise,5990,-0.2769540250301361,0.19911587238311768,0.4760698974132538,-0.0971086349338293,0.061893479526042953,0.15900211445987225,0.03383573533349671,-0.09019225102077544,-0.8357217805485428
Broadleaf,Density25,Tree density (25 m),5990,-0.2807760238647461,0.5641108155250549,0.844886839389801,-0.11151310466229916,0.1511739887297154,0.26268709339201457,0.06784563058021975,0.17777953251832243,0.9118686704946489
Broadleaf,Mono_Rate,Monoculture rate,5990,-0.15949688851833344,0.11926113814115524,0.2787580266594887,-0.06238049622625112,0.0438556993380189,0.10623619556427003,0.024509030622911283,-0.05559080061620236,-0.6232554697797716
Broadleaf,avg_svf,Sky-view factor,5990,-0.1328900307416916,0.18054944276809692,0.3134394735097885,-0.049827360548079014,0.07868575602769852,0.12851311657577752,0.032773040130089616,-0.05857293319111852,-0.6520564580069937
Broadleaf,avg_radiation,Solar radiation,5990,-0.24661460518836975,0.16384169459342957,0.4104562997817993,-0.1047321043908596,0.09215326346457005,0.19688536785542965,0.04697639668819388,-0.13795528208489166,-0.8740002527081662
Broadleaf,avg_LST,Land-surface temperature,5990,-0.3239477574825287,0.16718396544456482,0.4911317229270935,-0.08162983655929565,0.04731181003153325,0.1289416465908289,0.029107040308306943,0.013629133411090719,0.11045592774784935
Broadleaf,lightemiss,Night illumination,5990,-0.22051821649074554,0.19752372801303864,0.4180419445037842,-0.047865661419928075,0.027515290398150687,0.07538095181807876,0.017742378976635973,-0.011454289996828043,0.11402601773648015
Broadleaf,type_Puisto,Park context,5990,-0.05783623456954956,0.15117058157920837,0.20900681614875793,-0.022424727585166695,0.026828288752585656,0.04925301633775235,0.010607989949440618,0.00971213559905806,
Broadleaf,soil_infill,Soil: fill,5990,-0.07405990362167358,0.07884259521961212,0.1529024988412857,-0.03401358090341091,0.030644210986793045,0.06465779189020396,0.018810526745030608,0.03781988599438954,
Broadleaf,soil_bedrock,Soil: bedrock,5990,-0.08325570821762085,0.10948047786951065,0.1927361860871315,-0.04154681656509638,0.04982822760939599,0.09137504417449237,0.02750525268468714,-0.05499109774226321,
Broadleaf,soil_moraine,Soil: moraine,5990,-0.17443031072616577,0.027149513363838196,0.20157982409000397,-0.041455601714551454,0.008963014278560878,0.05041861599311233,0.008518720323135099,-0.06872757254153421,
Acer,avg_noise_day,Daytime noise,825,-0.19277872145175934,0.09525258839130402,0.28803130984306335,-0.08504251241683959,0.058323212713003156,0.14336572512984275,0.03179413882558672,-0.0848584093481497,-0.8723907319789703
Acer,Density25,Tree density (25 m),825,-0.18834540247917175,0.4504588842391968,0.6388042867183685,-0.10134572982788086,0.16456960439682,0.26591533422470087,0.07001777518228416,0.1958217900485015,0.9360823485950779
Acer,Mono_Rate,Monoculture rate,825,-0.13676592707633972,0.09068010002374649,0.2274460271000862,-0.059128186851739886,0.052790275216102536,0.11191846206784242,0.026170679027872568,-0.054162156081374535,-0.5490233113614286
Acer,avg_svf,Sky-view factor,825,-0.09781317412853241,0.12248579412698746,0.22029896825551987,-0.04862129762768745,0.06982064396142958,0.11844194158911703,0.030515668704791814,-0.05575328246700315,-0.5865535512421662
Acer,avg_radiation,Solar radiation,825,-0.16807962954044342,0.11733467876911163,0.28541430830955505,-0.0850532129406929,0.07929813116788864,0.16435134410858154,0.03869372387619065,-0.11095066439708501,-0.8653141722056065
Acer,avg_LST,Land-surface temperature,825,-0.19509266316890717,0.08243166655302048,0.27752432972192764,-0.06779448837041854,0.041407491266727436,0.10920197963714598,0.02501381363055605,0.01391535406952059,0.20719065340262313
Acer,lightemiss,Night illumination,825,-0.13837005198001862,0.044770341366529465,0.18314039334654808,-0.057781635969877246,0.02788810618221759,0.08566974215209483,0.019077022072407558,-0.0035769012155459773,0.1921318178231188
Acer,type_Puisto,Park context,825,-0.04043178632855415,0.04022226855158806,0.08065405488014221,-0.017558712884783743,0.020952920988202093,0.03851163387298584,0.01017664296162724,0.015732569320044493,
Acer,soil_infill,Soil: fill,825,-0.06665762513875961,0.054026614874601364,0.12068424001336098,-0.03274522796273231,0.03238395452499389,0.0651291824877262,0.019864547593575536,0.03970390283638686,
Acer,soil_bedrock,Soil: bedrock,825,-0.06407979130744934,0.09506855905056,0.15914835035800934,-0.044688543677330016,0.057648490369319905,0.10233703404664993,0.032608403217640115,-0.06608321724907745,
Acer,soil_moraine,Soil: moraine,825,-0.17443031072616577,0.011157591827213764,0.18558790255337954,-0.06099272593855857,0.008595068007707596,0.06958779394626616,0.009914623308522453,-0.08012514392668427,
Alnus,avg_noise_day,Daytime noise,115,-0.04957128316164017,0.0670730397105217,0.11664432287216187,-0.03363721817731857,0.04937466159462928,0.08301187977194785,0.02384569886059541,-0.027907343814200247,-0.36838373818928644
Alnus,Density25,Tree density (25 m),115,-0.17151764035224915,0.272293359041214,0.44381099939346313,-0.0970617838203907,0.11404018327593801,0.21110196709632872,0.04631123220546136,0.12518814928688665,0.8506920734603151
Alnus,Mono_Rate,Monoculture rate,115,-0.08837467432022095,0.051771774888038635,0.14014644920825958,-0.051856495812535285,0.03791213408112526,0.08976862989366055,0.02259880039782729,-0.038675823672747356,-0.5393217469956847
Alnus,avg_svf,Sky-view factor,115,-0.1017477735877037,0.111587293446064,0.2133350670337677,-0.07078627422451973,0.08249676376581191,0.15328303799033166,0.03807593832379612,-0.08591812270982513,-0.6000217014764646
Alnus,avg_radiation,Solar radiation,115,-0.15945181250572205,0.16384169459342957,0.3232935070991516,-0.12132465243339538,0.12531838342547413,0.2466430358588695,0.0568725945949352,-0.15918589998357768,-0.8751260063261846
Alnus,avg_LST,Land-surface temperature,115,-0.17375068366527557,0.08221699297428131,0.2559676766395569,-0.11535111740231514,0.0439900856465101,0.15934120304882524,0.037173900173207666,0.08663643735846312,0.6057468671039009
Alnus,lightemiss,Night illumination,115,-0.07868310809135437,0.044460829347372055,0.12314393743872643,-0.04309431947767735,0.031777219474315645,0.074871538951993,0.020614919968394804,0.033594071082673815,0.6581937882415594
Alnus,type_Puisto,Park context,115,-0.014894171617925167,0.03470918536186218,0.04960335697978735,-0.006472697248682379,0.018133110739290713,0.024605807987973093,0.00602388860855211,-0.011219067026259119,
Alnus,soil_infill,Soil: fill,115,-0.07405990362167358,0.07525994628667831,0.1493198499083519,-0.06722831353545189,0.0510845698416233,0.11831288337707518,0.03835304564917865,0.076853395893514,
Alnus,soil_bedrock,Soil: bedrock,115,-0.057255350053310394,0.07916563004255295,0.13642098009586334,-0.042978886514902115,0.05753361508250236,0.10051250159740448,0.03468889932593574,-0.06776546855952154,
Alnus,soil_moraine,Soil: moraine,115,-0.09645290672779083,0.00941720511764288,0.10587011184543371,-0.017925321869552136,0.0077436723746359334,0.02566899424418807,0.007306700104179427,-0.047521293115971835,
Betula,avg_noise_day,Daytime noise,401,-0.11908961832523346,0.10796550661325455,0.227055124938488,-0.05422285199165344,0.04984860494732857,0.10407145693898201,0.025173563751302214,-0.05942954054255248,-0.796426819889333
Betula,Density25,Tree density (25 m),401,-0.17711156606674194,0.51361483335495,0.6907263994216919,-0.09626907855272293,0.21527111530303955,0.3115401938557625,0.07731089055302444,0.23121575241240644,0.9488053932155789
Betula,Mono_Rate,Monoculture rate,401,-0.12654262781143188,0.11031663417816162,0.2368592619895935,-0.06266490370035172,0.050404295325279236,0.11306919902563095,0.026003239927186336,0.03204895362850407,0.23592058997105356
Betula,avg_svf,Sky-view factor,401,-0.09693349897861481,0.09531454741954803,0.19224804639816284,-0.057908061891794205,0.06480731070041656,0.12271537259221077,0.028960060858011085,-0.009740476456241995,-0.0681139554795653
Betula,avg_radiation,Solar radiation,401,-0.22685493528842926,0.13796588778495789,0.36482082307338715,-0.14128592610359192,0.09102752804756165,0.23231345415115356,0.059606618725036725,-0.1569384653467021,-0.8878835143051163
Betula,avg_LST,Land-surface temperature,401,-0.1804523915052414,0.1292765587568283,0.3097289502620697,-0.10803955793380737,0.047273218631744385,0.15531277656555176,0.03326577349199984,0.07773145453993693,0.6168738256414256
Betula,lightemiss,Night illumination,401,-0.12005320191383362,0.06450095027685165,0.18455415219068527,-0.0574946403503418,0.034268688410520554,0.09176332876086235,0.022007494215830505,0.012336260401556293,0.24235705516363842
Betula,type_Puisto,Park context,401,-0.017058614641427994,0.04477118328213692,0.06182979792356491,-0.0027941428124904633,0.02105902135372162,0.023853164166212082,0.006263966933694062,-0.012166736089228919,
Betula,soil_infill,Soil: fill,401,-0.05885999649763107,0.05789482966065407,0.11675482615828514,-0.037576209753751755,0.0373447984457016,0.07492100819945335,0.021541814196334007,0.042878760249183,
Betula,soil_bedrock,Soil: bedrock,401,-0.05758232623338699,0.09924076497554779,0.15682309120893478,-0.035389333963394165,0.04459582269191742,0.07998515665531158,0.023667008868874278,-0.04661279611442888,
Betula,soil_moraine,Soil: moraine,401,-0.139770045876503,0.013606448657810688,0.15337649453431368,-0.07541739195585251,0.008402425795793533,0.08381981775164604,0.012138846723005973,-0.06380896098229583,
Pinus,avg_noise_day,Daytime noise,219,-0.1184779480099678,0.09967515617609024,0.21815310418605804,-0.05922141559422016,0.08360856100916862,0.14282997660338878,0.038350638837197935,-0.09961385206537086,-0.917244096904914
Pinus,Density25,Tree density (25 m),219,-0.10346619784832001,0.6444128155708313,0.7478790134191513,-0.08079958111047744,0.20091159790754318,0.2817111790180206,0.07985927018437419,0.2142120562962007,0.9093014493464107
Pinus,Mono_Rate,Monoculture rate,219,-0.1283799409866333,0.09123186767101288,0.21961180865764618,-0.07682265639305114,0.050176564976572975,0.1269992213696241,0.032522917701557096,0.022210420539676153,0.2142640767027294
Pinus,avg_svf,Sky-view factor,219,-0.07221076637506485,0.10590346902608871,0.17811423540115356,-0.05229431092739105,0.05592445209622383,0.10821876302361488,0.027433763344274605,-0.047344213956966995,-0.5868745764994616
Pinus,avg_radiation,Solar radiation,219,-0.16385218501091003,0.12006635218858719,0.2839185371994972,-0.09034492075443268,0.06410202160477638,0.15444694235920906,0.037206166118200545,-0.10050538225861436,-0.8272734361458097
Pinus,avg_LST,Land-surface temperature,219,-0.2322482466697693,0.07426685094833374,0.306515097618103,-0.10327299609780312,0.04957118146121501,0.15284417755901814,0.03393956022238737,0.08402133857968941,0.6447849187630246
Pinus,lightemiss,Night illumination,219,-0.1636219322681427,0.029747482389211655,0.19336941465735435,-0.04760199934244156,0.025874168053269385,0.07347616739571095,0.01656858803458261,0.014642243048904578,0.4377908846821911
Pinus,type_Puisto,Park context,219,-0.022601623088121414,0.027469316497445107,0.05007093958556652,-0.010207153018563985,0.01566425561904907,0.025871408637613058,0.007545599268725967,-0.003176876913841542,
Pinus,soil_infill,Soil: fill,219,-0.05573687702417374,0.069476418197155,0.12521329522132874,-0.026179896108806132,0.03445762582123278,0.060637521930038914,0.020135539258536818,0.04099832824216633,
Pinus,soil_bedrock,Soil: bedrock,219,-0.08371618390083313,0.08404160290956497,0.1677577868103981,-0.06676463782787323,0.06861543953418732,0.13538007736206054,0.04163084738807047,-0.08410368989984085,
Pinus,soil_moraine,Soil: moraine,219,-0.06878965348005295,0.009953665547072887,0.07874331902712584,-0.00041667109617264816,0.007482474343851208,0.007899145440023856,0.004710015947642135,-0.02704842433397723,
Prunus,avg_noise_day,Daytime noise,116,-0.05096645653247833,0.034116145223379135,0.08508260175585747,-0.043629405088722706,0.02692094398662448,0.07055034907534719,0.021234235130295615,-0.04410361521510673,-0.8216281731155046
Prunus,Density25,Tree density (25 m),116,-0.1628360152244568,0.3260303735733032,0.48886638879776,-0.05761226546019316,0.19472816959023476,0.2523404350504279,0.06667392153852642,0.2066166989317956,0.9508827227680177
Prunus,Mono_Rate,Monoculture rate,116,-0.0709659531712532,0.08770798146724701,0.1586739346385002,-0.04962474387139082,0.049161775037646294,0.09878651890903711,0.02779560872483577,-0.07067484621228864,-0.828613230219851
Prunus,avg_svf,Sky-view factor,116,-0.10692848265171051,0.1304156631231308,0.2373441457748413,-0.06868868134915829,0.10067176073789597,0.16936044208705425,0.04500890480242027,-0.1102159084302598,-0.8214218440000844
Prunus,avg_radiation,Solar radiation,116,-0.145842507481575,0.08528124541044235,0.23112375289201736,-0.09491530619561672,0.061106896959245205,0.15602220315486193,0.0414245794380459,-0.09396067228728247,-0.8205220861163165
Prunus,avg_LST,Land-surface temperature,116,-0.17857390642166138,0.07304646819829941,0.2516203746199608,-0.11888317950069904,0.0452278908342123,0.16411107033491135,0.027745973892863197,0.048353676740401266,0.3838591995969919
Prunus,lightemiss,Night illumination,116,-0.06355796009302139,0.05093257501721382,0.11449053511023521,-0.05357708316296339,0.033615363761782646,0.08719244692474604,0.024702142887941467,0.047195566270871715,0.6540130605724095
Prunus,type_Puisto,Park context,116,-0.03366001322865486,0.07428290694952011,0.10794292017817497,-0.021600449457764626,0.04958611074835062,0.07118656020611525,0.014122221496830302,-0.05248553359210851,
Prunus,soil_infill,Soil: fill,116,-0.029537715017795563,0.03554556146264076,0.06508327648043633,-0.021614822559058666,0.023872633930295706,0.04548745648935437,0.01532836914150815,0.030530253566041256,
Prunus,soil_bedrock,Soil: bedrock,116,-0.0556008443236351,0.05828559398651123,0.11388643831014633,-0.0296632987447083,0.031837766990065575,0.061501065734773874,0.01990311783698291,-0.04145975458356211,
Prunus,soil_moraine,Soil: moraine,116,-0.04792744666337967,0.007869639433920383,0.05579708609730005,-0.0009745429561007768,0.005873895366676152,0.0068484383227769285,0.0035122890628905413,-0.03972491055052766,
Quercus,avg_noise_day,Daytime noise,115,-0.1261385828256607,0.09261265397071838,0.2187512367963791,-0.0422024380415678,0.07362396717071532,0.11582640521228312,0.03437825508389442,-0.08325911639675525,-0.8959634594973035
Quercus,Density25,Tree density (25 m),115,-0.23896679282188416,0.12055758386850357,0.3595243766903877,-0.10385581329464913,0.060282875597476956,0.16413868889212607,0.04296278324200893,0.11913779799570562,0.8767021795109712
Quercus,Mono_Rate,Monoculture rate,115,-0.11162292957305908,0.11926113814115524,0.23088406771421432,-0.0636591114103794,0.0770879656076431,0.1407470770180225,0.0383696268019064,-0.08340719404453734,-0.6601149130690238
Quercus,avg_svf,Sky-view factor,115,-0.09762139618396759,0.09232745319604874,0.18994884938001633,-0.03484458066523075,0.06514979451894759,0.09999437518417834,0.028739836932483897,-0.021257355267278337,-0.4146853425993613
Quercus,avg_radiation,Solar radiation,115,-0.11929772049188614,0.0513167642056942,0.17061448469758034,-0.07222020253539085,0.04054035544395447,0.11276055797934532,0.030080195503947124,-0.05265500362769797,-0.47877377100923224
Quercus,avg_LST,Land-surface temperature,115,-0.11947735399007797,0.08325833082199097,0.20273568481206894,-0.03181519340723753,0.05251750946044922,0.08433270286768674,0.023688472947864997,0.018745944378616545,0.14291491674095427
Quercus,lightemiss,Night illumination,115,-0.1391744464635849,0.03071247786283493,0.16988692432641983,-0.06862697750329971,0.023184790462255474,0.09181176796555518,0.022743915281076308,-0.015193211542779451,0.052507528927045445
Quercus,type_Puisto,Park context,115,-0.036599814891815186,0.03829441964626312,0.07489423453807831,-0.02045207768678665,0.025441020727157586,0.04589309841394423,0.013608583976747468,0.026120697756793917,
Quercus,soil_infill,Soil: fill,115,-0.04522482678294182,0.0516650453209877,0.09688987210392952,-0.03370002917945385,0.034964086487889276,0.06866411566734312,0.01896008207417174,0.038646304218750246,
Quercus,soil_bedrock,Soil: bedrock,115,-0.04536868631839752,0.05959073454141617,0.10495942085981369,-0.023159455507993698,0.030586870945990084,0.05374632645398378,0.014700971978068675,-0.027154090635740785,
Quercus,soil_moraine,Soil: moraine,115,-0.08532001823186874,0.010520228184759617,0.09584024641662836,-0.013232247455744065,0.0075236240867525336,0.0207558715424966,0.007146516966673991,-0.06577234475486071,
Sorbus,avg_noise_day,Daytime noise,158,-0.25368112325668335,0.12945112586021423,0.3831322491168976,-0.15971580669283866,0.07714287005364895,0.2368586767464876,0.05465857841699278,-0.13998010763561056,-0.921648984226423
Sorbus,Density25,Tree density (25 m),158,-0.2625212073326111,0.27505379915237427,0.5375750064849854,-0.12626769319176673,0.18026527091860783,0.30653296411037456,0.07824394975559008,0.19994580250411348,0.8369127687745259
Sorbus,Mono_Rate,Monoculture rate,158,-0.08861164003610611,0.07674772292375565,0.16535936295986176,-0.05486325789242983,0.04355170931667092,0.09841496720910076,0.027138563314352562,-0.044858108896629084,-0.650475022472415
Sorbus,avg_svf,Sky-view factor,158,-0.052206821739673615,0.15611977875232697,0.20832660049200058,-0.026161583606153727,0.07792146839201451,0.10408305199816824,0.030494542176469783,-0.017128572317596992,-0.23157550454407405
Sorbus,avg_radiation,Solar radiation,158,-0.08333999663591385,0.14528164267539978,0.22862163931131363,-0.0556501392275095,0.08619302697479725,0.14184316620230675,0.03837260701126254,-0.09362447420135141,-0.8313223778559198
Sorbus,avg_LST,Land-surface temperature,158,-0.13280996680259705,0.08218076080083847,0.21499072760343552,-0.08948255479335784,0.05044355466961861,0.13992610946297646,0.03176753333536908,0.040707251291314604,0.30410451894441215
Sorbus,lightemiss,Night illumination,158,-0.06853654235601425,0.19752372801303864,0.2660602703690529,-0.039085778594017025,0.0224214879795909,0.06150726657360792,0.01891747681095038,0.0050918431690703475,-0.05381576372660626
Sorbus,type_Puisto,Park context,158,-0.052090276032686234,0.04970978572964668,0.10180006176233292,-0.012530054943636059,0.019297673273831615,0.031827728217467675,0.009062836924144155,0.002743105499648999,
Sorbus,soil_infill,Soil: fill,158,-0.029141444712877274,0.03549967706203461,0.06464112177491188,-0.019818356446921825,0.023972276970744135,0.04379063341766596,0.012817469104252096,0.025517066526977515,
Sorbus,soil_bedrock,Soil: bedrock,158,-0.05557732656598091,0.04919165000319481,0.10476897656917572,-0.04056806303560734,0.034124981611967094,0.07469304464757442,0.023352593873167717,-0.046646756257634994,
Sorbus,soil_moraine,Soil: moraine,158,-0.049161605536937714,0.006422084756195545,0.05558369029313326,0.0008186327031580732,0.005352497566491366,0.004533864863333293,0.0033255452412671313,-0.03805955888810492,
Tilia,avg_noise_day,Daytime noise,1540,-0.2769540250301361,0.11251283437013626,0.38946685940027237,-0.15356208011507988,0.06128544509410857,0.21484752520918846,0.05284010815068612,-0.1304535470243278,-0.916705929080235
Tilia,Density25,Tree density (25 m),1540,-0.1938268095254898,0.377647340297699,0.5714741498231888,-0.11934811621904373,0.07328633181750772,0.19263444803655144,0.0640093404418846,0.11236803776446803,0.7659250136094279
Tilia,Mono_Rate,Monoculture rate,1540,-0.15949688851833344,0.11112520843744278,0.2706220969557762,-0.07974677681922912,0.04126596841961145,0.12101274523884056,0.03621894475123412,-0.06647138027536602,-0.8127383059233105
Tilia,avg_svf,Sky-view factor,1540,-0.1328900307416916,0.13982121646404266,0.27271124720573425,-0.05882504228502512,0.09405902400612831,0.15288406629115342,0.041965033389308924,-0.09828366479599773,-0.8288922280538354
Tilia,avg_radiation,Solar radiation,1540,-0.234125554561615,0.15590834617614746,0.39003390073776245,-0.09899451844394207,0.10396035499870776,0.20295487344264984,0.05098227322418357,-0.15436694467131823,-0.8948449452359899
Tilia,avg_LST,Land-surface temperature,1540,-0.3239477574825287,0.07961396872997284,0.4035617262125015,-0.09216587729752064,0.043726933188736425,0.13589281048625707,0.030286104001872635,-0.017583020968064293,-0.22139281662940696
Tilia,lightemiss,Night illumination,1540,-0.22051821649074554,0.11899852752685547,0.339516744017601,-0.060165340825915334,0.027102183550596227,0.08726752437651156,0.019698829358728655,-0.009481014869727633,-0.1267096916530405
Tilia,type_Puisto,Park context,1540,-0.05783623456954956,0.06986705213785172,0.12770328670740128,-0.03142140060663223,0.035606885328888886,0.06702828593552113,0.01788831636839351,0.03362239571892368,
Tilia,soil_infill,Soil: fill,1540,-0.040717292577028275,0.05049078166484833,0.0912080742418766,-0.02077749976888299,0.025081324856728312,0.045858824625611305,0.014722232406165858,0.02970333563697628,
Tilia,soil_bedrock,Soil: bedrock,1540,-0.08325570821762085,0.0770597979426384,0.16031550616025925,-0.05068857204169035,0.05195068717002868,0.10263925921171903,0.03433975332103634,-0.06854424267347771,
Tilia,soil_moraine,Soil: moraine,1540,-0.12803931534290314,0.011553081683814526,0.13959239702671766,0.0008811184234218672,0.0073424501344561575,0.00646133171103429,0.00475107453301627,-0.05737663716058469,
Ulmus,avg_noise_day,Daytime noise,503,-0.1838630735874176,0.0905156210064888,0.2743786945939064,-0.05092253163456917,0.049469444528222085,0.10039197616279125,0.02449660281425558,-0.056972538850670135,-0.8275182302233555
Ulmus,Density25,Tree density (25 m),503,-0.22219538688659668,0.1822853535413742,0.4044807404279709,-0.11776608675718307,0.07885811030864713,0.1966241970658302,0.06073419280288529,0.14699573367774618,0.9221095653659014
Ulmus,Mono_Rate,Monoculture rate,503,-0.11764583736658096,0.08659495413303375,0.20424079149961472,-0.06952210068702698,0.043880850821733465,0.11340295150876045,0.028601116934951133,-0.06265951582776884,-0.6684538401941731
Ulmus,avg_svf,Sky-view factor,503,-0.09888406097888947,0.14001525938510895,0.2388993203639984,-0.035857328400015834,0.057105708494782435,0.09296303689479826,0.022683931336374284,-0.019723283698761675,-0.320541308846872
Ulmus,avg_radiation,Solar radiation,503,-0.1661335527896881,0.0999537855386734,0.2660873383283615,-0.10216403231024743,0.06709446236491196,0.16925849467515938,0.04022493075296351,-0.10781918421742462,-0.8570813175473208
Ulmus,avg_LST,Land-surface temperature,503,-0.19688034057617188,0.0738215446472168,0.27070188522338867,-0.0867578223347664,0.044829693809151645,0.13158751614391803,0.030890719602517477,-0.002323539048134874,-0.00611363738159352
Ulmus,lightemiss,Night illumination,503,-0.08592061698436737,0.08144421130418777,0.16736482828855515,-0.053091482445597644,0.030506331659853444,0.08359781410545108,0.02195349997028981,-0.005815408813100291,-0.024279477447202734
Ulmus,type_Puisto,Park context,503,-0.0448681004345417,0.04180128127336502,0.08666938170790672,-0.013646477833390236,0.022136478312313555,0.03578295614570379,0.009143909778116502,0.010844646739988504,
Ulmus,soil_infill,Soil: fill,503,-0.04931063950061798,0.0434824675321579,0.09279310703277588,-0.0240728922188282,0.031917304545640936,0.05599019676446913,0.019018070821760956,0.038602031108788154,
Ulmus,soil_bedrock,Soil: bedrock,503,-0.07497598975896835,0.10948047786951065,0.184456467628479,-0.04591940231621265,0.05345341823995111,0.09937282055616375,0.03446824583419363,-0.06875754410500655,
Ulmus,soil_moraine,Soil: moraine,503,-0.04447397589683533,0.012279797345399857,0.056753773242235184,0.0018058951594866813,0.007792724110186098,0.005986828950699416,0.004893167522902763,-0.048971846746855896,
