Genus,N_Test_Rows,Clockwise_Order,Display_Variable,Model_Feature,Category,SHAP_P05,SHAP_P95,Absolute_P05_Plus_P95,Robust_SHAP_Range_P05_P95,Mean_Absolute_SHAP,High_minus_Low_SHAP_for_Display_Variable,Feature_SHAP_Spearman_for_Display_Variable,Decile_Monotonicity_Score,Previous_Association_Class,Association_Class,Classification_Changed_After_Audit,Classification_Reason,Plot_Color,Feature_Share_of_Genus_Absolute_SHAP_Impact
Acer,825,1,View factor,avg_svf,Structure,-0.0486212976276874,0.0698206439614295,0.11844194158911689,0.118441941589117,0.0305156687047918,-0.0557532824670031,-0.5865535512421662,0.7450086653352712,Negative association,Negative association,False,Directional Spearman and decile pattern,#9CCFAE,0.09293717621724798
Acer,825,2,Diversity,Mono_Rate,Structure,-0.0591281868517398,0.0527902752161025,0.11191846206784231,0.1119184620678424,0.0261706790278725,0.0541621560813745,0.5490233113614286,0.8344775781571496,Positive association,Positive association,False,Directional Spearman and decile pattern,#1F7A4D,0.08781843400748661
Acer,825,3,Density,Density25,Structure,-0.1013457298278808,0.16456960439682,0.2659153342247008,0.2659153342247008,0.0700177751822841,0.1958217900485015,0.936082348595078,1.0,Positive association,Positive association,False,Directional Spearman and decile pattern,#1F7A4D,0.20865429884155345
Acer,825,4,Park condition,type_Puisto,Structure,-0.0175587128847837,0.020952920988202,0.0385116338729857,0.0385116338729858,0.0101766429616272,0.0157325693200444,,1.0,Positive association,Positive association,False,Binary indicator: sign of high-minus-low SHAP contrast,#1F7A4D,0.030218708471397453
Acer,825,5,Moraine,soil_moraine,Soil,-0.0609927259385585,0.0085950680077075,0.069587793946266,0.0695877939462661,0.0099146233085224,-0.0801251439266842,,1.0,Negative association,Negative association,False,Binary indicator: sign of high-minus-low SHAP contrast,#F3A187,0.05460306528061777
Acer,825,6,Infill,soil_infill,Soil,-0.0327452279627323,0.0323839545249938,0.06512918248772609,0.0651291824877262,0.0198645475935755,0.0397039028363868,,1.0,Positive association,Positive association,False,Binary indicator: sign of high-minus-low SHAP contrast,#D84A36,0.051104551551046824
Acer,825,7,Bedrock,soil_bedrock,Soil,-0.04468854367733,0.0576484903693199,0.1023370340466499,0.1023370340466499,0.0326084032176401,-0.0660832172490774,,1.0,Negative association,Negative association,False,Binary indicator: sign of high-minus-low SHAP contrast,#F3A187,0.0803002284422018
Acer,825,8,LST,avg_LST,Atmosphere,-0.0677944883704185,0.0414074912667274,0.1092019796371459,0.1092019796371459,0.025013813630556,0.0139153540695205,0.2071906534026231,0.5575805718470346,Nonlinear association,Nonlinear association,False,Weak overall direction: |Spearman| < 0.25,#B9BEC5,0.08568690692370662
Acer,825,9,Radiation,avg_radiation,Atmosphere,-0.0850532129406929,0.0792981311678886,0.1643513441085815,0.1643513441085815,0.0386937238761906,-0.110950664397085,-0.8653141722056065,0.9197219662659691,Negative association,Negative association,False,Directional Spearman and decile pattern,#9BD5E6,0.12896065045901184
Acer,825,10,Noise,avg_noise_day,Atmosphere,-0.0850425124168395,0.0583232127130031,0.14336572512984258,0.1433657251298427,0.0317941388255867,-0.0848584093481497,-0.8723907319789703,1.0,Negative association,Negative association,False,Directional Spearman and decile pattern,#9BD5E6,0.11249398212440316
Acer,825,11,Illumination,lightemiss,Atmosphere,-0.0577816359698772,0.0278881061822175,0.08566974215209469,0.0856697421520948,0.0190770220724075,-0.0035769012155459,0.1921318178231188,0.5561636758643476,Nonlinear association,Nonlinear association,False,Weak overall direction: |Spearman| < 0.25,#B9BEC5,0.06722199768132649
Alnus,115,1,View factor,avg_svf,Structure,-0.0707862742245197,0.0824967637658119,0.1532830379903316,0.1532830379903316,0.0380759383237961,-0.0859181227098251,-0.6000217014764646,0.6492320151631779,Nonlinear association,Negative association,True,Borderline monotonicity retained as directional because |Spearman| >= 0.50 and Spearman/end-contrast signs agree,#9CCFAE,0.11908979874373235
Alnus,115,2,Diversity,Mono_Rate,Structure,-0.0518564958125352,0.0379121340811252,0.0897686298936604,0.0897686298936605,0.0225988003978272,0.0386758236727473,0.5393217469956847,0.7759939758417667,Positive association,Positive association,False,Directional Spearman and decile pattern,#1F7A4D,0.06974371207472364
Alnus,115,3,Density,Density25,Structure,-0.0970617838203907,0.114040183275938,0.2111019670963287,0.2111019670963287,0.0463112322054613,0.1251881492868866,0.8506920734603151,0.9049009132093737,Positive association,Positive association,False,Directional Spearman and decile pattern,#1F7A4D,0.16401091148450173
Alnus,115,4,Park condition,type_Puisto,Structure,-0.0064726972486823,0.0181331107392907,0.024605807987973,0.024605807987973,0.0060238886085521,-0.0112190670262591,,1.0,Negative association,Negative association,False,Binary indicator: sign of high-minus-low SHAP contrast,#9CCFAE,0.019116927480256857
Alnus,115,5,Moraine,soil_moraine,Soil,-0.0179253218695521,0.0077436723746359,0.025668994244188,0.025668994244188,0.0073067001041794,-0.0475212931159718,,1.0,Negative association,Negative association,False,Binary indicator: sign of high-minus-low SHAP contrast,#F3A187,0.019942946059610257
Alnus,115,6,Infill,soil_infill,Soil,-0.0672283135354518,0.0510845698416233,0.1183128833770751,0.1183128833770751,0.0383530456491786,0.076853395893514,,1.0,Positive association,Positive association,False,Binary indicator: sign of high-minus-low SHAP contrast,#D84A36,0.09192052594270264
Alnus,115,7,Bedrock,soil_bedrock,Soil,-0.0429788865149021,0.0575336150825023,0.10051250159740441,0.1005125015974044,0.0346888993259357,-0.0677654685595215,,1.0,Negative association,Negative association,False,Binary indicator: sign of high-minus-low SHAP contrast,#F3A187,0.07809092084421618
Alnus,115,8,LST,avg_LST,Atmosphere,-0.1153511174023151,0.0439900856465101,0.1593412030488252,0.1593412030488252,0.0371739001732076,0.0866364373584631,0.6057468671039009,0.711301616372026,Positive association,Positive association,False,Directional Spearman and decile pattern,#187CAD,0.1237965534312133
Alnus,115,9,Radiation,avg_radiation,Atmosphere,-0.1213246524333953,0.1253183834254741,0.2466430358588694,0.2466430358588695,0.0568725945949352,-0.1591858999835776,-0.8751260063261846,0.8942505994262425,Negative association,Negative association,False,Directional Spearman and decile pattern,#9BD5E6,0.19162374315564265
Alnus,115,10,Noise,avg_noise_day,Atmosphere,-0.0336372181773185,0.0493746615946292,0.0830118797719477,0.0830118797719478,0.0238456988605954,-0.0279073438142002,-0.3683837381892864,0.5313409709808479,Nonlinear association,Nonlinear association,False,Material decile reversal: monotonicity < 0.65,#B9BEC5,0.06449420748043704
Alnus,115,11,Illumination,lightemiss,Atmosphere,-0.0430943194776773,0.0317772194743156,0.0748715389519929,0.074871538951993,0.0206149199683948,0.0335940710826738,0.6581937882415594,0.8605275363685512,Positive association,Positive association,False,Directional Spearman and decile pattern,#187CAD,0.058169753302963374
Betula,401,1,View factor,avg_svf,Structure,-0.0579080618917942,0.0648073107004165,0.12271537259221069,0.1227153725922107,0.028960060858011,-0.0097404764562419,-0.0681139554795653,0.5266158779807208,Nonlinear association,Nonlinear association,False,Weak overall direction: |Spearman| < 0.25,#B9BEC5,0.08807123680799232
Betula,401,2,Diversity,Mono_Rate,Structure,-0.0626649037003517,0.0504042953252792,0.1130691990256309,0.1130691990256309,0.0260032399271863,-0.032048953628504,-0.2359205899710535,0.6690256102844175,Nonlinear association,Nonlinear association,False,Weak overall direction: |Spearman| < 0.25,#B9BEC5,0.08114830271646377
Betula,401,3,Density,Density25,Structure,-0.0962690785527229,0.2152711153030395,0.31154019385576237,0.3115401938557625,0.0773108905530244,0.2312157524124064,0.9488053932155788,1.0,Positive association,Positive association,False,Directional Spearman and decile pattern,#1F7A4D,0.22358837045995558
Betula,401,4,Park condition,type_Puisto,Structure,-0.0027941428124904,0.0210590213537216,0.023853164166212002,0.023853164166212,0.006263966933694,-0.0121667360892289,,1.0,Negative association,Negative association,False,Binary indicator: sign of high-minus-low SHAP contrast,#9CCFAE,0.017119107618923695
Betula,401,5,Moraine,soil_moraine,Soil,-0.0754173919558525,0.0084024257957935,0.083819817751646,0.083819817751646,0.0121388467230059,-0.0638089609822958,,1.0,Negative association,Negative association,False,Binary indicator: sign of high-minus-low SHAP contrast,#F3A187,0.060156399825628294
Betula,401,6,Infill,soil_infill,Soil,-0.0375762097537517,0.0373447984457016,0.0749210081994533,0.0749210081994533,0.021541814196334,0.042878760249183,,1.0,Positive association,Positive association,False,Binary indicator: sign of high-minus-low SHAP contrast,#D84A36,0.05376983922751351
Betula,401,7,Bedrock,soil_bedrock,Soil,-0.0353893339633941,0.0445958226919174,0.0799851566553115,0.0799851566553115,0.0236670088688742,-0.0466127961144288,,1.0,Negative association,Negative association,False,Binary indicator: sign of high-minus-low SHAP contrast,#F3A187,0.05740431311994764
Betula,401,8,LST,avg_LST,Atmosphere,-0.1080395579338073,0.0472732186317443,0.1553127765655516,0.1553127765655517,0.0332657734919998,0.0777314545399369,0.6168738256414256,0.7591883674031804,Positive association,Positive association,False,Directional Spearman and decile pattern,#187CAD,0.11146597231681908
Betula,401,9,Radiation,avg_radiation,Atmosphere,-0.1412859261035919,0.0910275280475616,0.2323134541511535,0.2323134541511535,0.0596066187250367,-0.1569384653467021,-0.8878835143051163,1.0,Negative association,Negative association,False,Directional Spearman and decile pattern,#9BD5E6,0.1667283633829557
Betula,401,10,Noise,avg_noise_day,Atmosphere,-0.0542228519916534,0.0498486049473285,0.1040714569389819,0.104071456938982,0.0251735637513022,-0.0594295405425524,-0.796426819889333,0.8636875989679229,Negative association,Negative association,False,Directional Spearman and decile pattern,#9BD5E6,0.07469073951707694
Betula,401,11,Illumination,lightemiss,Atmosphere,-0.0574946403503418,0.0342686884105205,0.0917633287608623,0.0917633287608623,0.0220074942158305,0.0123362604015562,0.2423570551636384,0.5208291291060383,Nonlinear association,Nonlinear association,False,Weak overall direction: |Spearman| < 0.25,#B9BEC5,0.06585735500672342
Pinus,219,1,View factor,avg_svf,Structure,-0.052294310927391,0.0559244520962238,0.1082187630236148,0.1082187630236148,0.0274337633442746,-0.0473442139569669,-0.5868745764994616,0.6493926941716157,Nonlinear association,Negative association,True,Borderline monotonicity retained as directional because |Spearman| >= 0.50 and Spearman/end-contrast signs agree,#9CCFAE,0.08519052262166778
Pinus,219,2,Diversity,Mono_Rate,Structure,-0.0768226563930511,0.0501765649765729,0.126999221369624,0.1269992213696241,0.032522917701557,-0.0222104205396761,-0.2142640767027294,0.5328495197111531,Nonlinear association,Nonlinear association,False,Weak overall direction: |Spearman| < 0.25,#B9BEC5,0.09997462305739223
Pinus,219,3,Density,Density25,Structure,-0.0807995811104774,0.2009115979075431,0.2817111790180205,0.2817111790180206,0.0798592701843741,0.2142120562962007,0.9093014493464108,0.9978772864573595,Positive association,Positive association,False,Directional Spearman and decile pattern,#1F7A4D,0.2217648945375068
Pinus,219,4,Park condition,type_Puisto,Structure,-0.0102071530185639,0.015664255619049,0.025871408637612902,0.025871408637613,0.0075455992687259,-0.0031768769138415,,1.0,Negative association,Negative association,False,Binary indicator: sign of high-minus-low SHAP contrast,#9CCFAE,0.02036614318273099
Pinus,219,5,Moraine,soil_moraine,Soil,-0.0004166710961726,0.0074824743438512,0.0078991454400238,0.0078991454400238,0.0047100159476421,-0.0270484243339772,,1.0,Negative association,Negative association,False,Binary indicator: sign of high-minus-low SHAP contrast,#F3A187,0.0062182592879328
Pinus,219,6,Infill,soil_infill,Soil,-0.0261798961088061,0.0344576258212327,0.060637521930038796,0.0606375219300389,0.0201355392585368,0.0409983282421663,,1.0,Positive association,Positive association,False,Binary indicator: sign of high-minus-low SHAP contrast,#D84A36,0.04773425642072448
Pinus,219,7,Bedrock,soil_bedrock,Soil,-0.0667646378278732,0.0686154395341873,0.1353800773620605,0.1353800773620605,0.0416308473880704,-0.0841036898998408,,1.0,Negative association,Negative association,False,Binary indicator: sign of high-minus-low SHAP contrast,#F3A187,0.1065720880631307
Pinus,219,8,LST,avg_LST,Atmosphere,-0.1032729960978031,0.049571181461215,0.1528441775590181,0.1528441775590181,0.0339395602223873,0.0840213385796894,0.6447849187630246,0.7997309320129051,Positive association,Positive association,False,Directional Spearman and decile pattern,#187CAD,0.1203199426987574
Pinus,219,9,Radiation,avg_radiation,Atmosphere,-0.0903449207544326,0.0641020216047763,0.1544469423592089,0.154446942359209,0.0372061661182005,-0.1005053822586143,-0.8272734361458097,0.9388678846559905,Negative association,Negative association,False,Directional Spearman and decile pattern,#9BD5E6,0.12158164969995525
Pinus,219,10,Noise,avg_noise_day,Atmosphere,-0.0592214155942201,0.0836085610091686,0.1428299766033887,0.1428299766033887,0.0383506388371979,-0.0996138520653708,-0.917244096904914,1.0,Negative association,Negative association,False,Directional Spearman and decile pattern,#9BD5E6,0.1124366977862064
Pinus,219,11,Illumination,lightemiss,Atmosphere,-0.0476019993424415,0.0258741680532693,0.0734761673957108,0.0734761673957109,0.0165685880345826,0.0146422430489045,0.4377908846821911,0.6303580693610866,Nonlinear association,Nonlinear association,False,Material decile reversal: monotonicity < 0.65,#B9BEC5,0.05784092264399518
Prunus,116,1,View factor,avg_svf,Structure,-0.0686886813491582,0.1006717607378959,0.16936044208705409,0.1693604420870542,0.0450089048024202,-0.1102159084302598,-0.8214218440000844,0.8981097283018878,Negative association,Negative association,False,Directional Spearman and decile pattern,#9CCFAE,0.14311501144532263
Prunus,116,2,Diversity,Mono_Rate,Structure,-0.0496247438713908,0.0491617750376462,0.098786518909037,0.0987865189090371,0.0277956087248357,0.0706748462122886,0.828613230219851,0.9583830715787178,Positive association,Positive association,False,Directional Spearman and decile pattern,#1F7A4D,0.08347778034875067
Prunus,116,3,Density,Density25,Structure,-0.0576122654601931,0.1947281695902347,0.2523404350504278,0.2523404350504279,0.0666739215385264,0.2066166989317956,0.9508827227680176,0.9981501007153025,Positive association,Positive association,False,Directional Spearman and decile pattern,#1F7A4D,0.21323576984876208
Prunus,116,4,Park condition,type_Puisto,Structure,-0.0216004494577646,0.0495861107483506,0.0711865602061152,0.0711865602061152,0.0141222214968303,-0.0524855335921085,,1.0,Negative association,Negative association,False,Binary indicator: sign of high-minus-low SHAP contrast,#9CCFAE,0.06015492905606962
Prunus,116,5,Moraine,soil_moraine,Soil,-0.0009745429561007,0.0058738953666761,0.0068484383227768,0.0068484383227769,0.0035122890628905,-0.0397249105505276,,1.0,Negative association,Negative association,False,Binary indicator: sign of high-minus-low SHAP contrast,#F3A187,0.005787150274696336
Prunus,116,6,Infill,soil_infill,Soil,-0.0216148225590586,0.0238726339302957,0.0454874564893543,0.0454874564893543,0.0153283691415081,0.0305302535660412,,1.0,Positive association,Positive association,False,Binary indicator: sign of high-minus-low SHAP contrast,#D84A36,0.03843836125998266
Prunus,116,7,Bedrock,soil_bedrock,Soil,-0.0296632987447083,0.0318377669900655,0.0615010657347738,0.0615010657347738,0.0199031178369829,-0.0414597545835621,,1.0,Negative association,Negative association,False,Binary indicator: sign of high-minus-low SHAP contrast,#F3A187,0.051970375242687765
Prunus,116,8,LST,avg_LST,Atmosphere,-0.118883179500699,0.0452278908342123,0.1641110703349113,0.1641110703349113,0.0277459738928631,0.0483536767404012,0.3838591995969919,0.7435099088351573,Positive association,Positive association,False,Directional Spearman and decile pattern,#187CAD,0.1386791237661767
Prunus,116,9,Radiation,avg_radiation,Atmosphere,-0.0949153061956167,0.0611068969592452,0.1560222031548619,0.1560222031548619,0.0414245794380459,-0.0939606722872824,-0.8205220861163165,0.9023269056361952,Negative association,Negative association,False,Directional Spearman and decile pattern,#9BD5E6,0.1318437712789801
Prunus,116,10,Noise,avg_noise_day,Atmosphere,-0.0436294050887227,0.0269209439866244,0.0705503490753471,0.0705503490753471,0.0212342351302956,-0.0441036152151067,-0.8216281731155046,1.0,Negative association,Negative association,False,Directional Spearman and decile pattern,#9BD5E6,0.059617310222890636
Prunus,116,11,Illumination,lightemiss,Atmosphere,-0.0535770831629633,0.0336153637617826,0.0871924469247459,0.087192446924746,0.0247021428879414,0.0471955662708717,0.6540130605724095,0.5725473232646733,Nonlinear association,Nonlinear association,False,Material decile reversal: monotonicity < 0.65,#B9BEC5,0.07368041725568071
Quercus,115,1,View factor,avg_svf,Structure,-0.0348445806652307,0.0651497945189475,0.0999943751841782,0.0999943751841783,0.0287398369324838,-0.0212573552672783,-0.4146853425993613,0.5650227006655714,Nonlinear association,Nonlinear association,False,Material decile reversal: monotonicity < 0.65,#B9BEC5,0.10012744584163702
Quercus,115,2,Diversity,Mono_Rate,Structure,-0.0636591114103794,0.0770879656076431,0.1407470770180225,0.1407470770180225,0.0383696268019064,0.0834071940445373,0.6601149130690238,0.7998101383371936,Positive association,Positive association,False,Directional Spearman and decile pattern,#1F7A4D,0.1409343806142468
Quercus,115,3,Density,Density25,Structure,-0.1038558132946491,0.0602828755974769,0.16413868889212602,0.164138688892126,0.0429627832420089,0.1191377979957056,0.8767021795109712,0.9439896672812043,Positive association,Positive association,False,Directional Spearman and decile pattern,#1F7A4D,0.1643571216110172
Quercus,115,4,Park condition,type_Puisto,Structure,-0.0204520776867866,0.0254410207271575,0.045893098413944095,0.0458930984139442,0.0136085839767474,0.0261206977567939,,1.0,Positive association,Positive association,False,Binary indicator: sign of high-minus-low SHAP contrast,#1F7A4D,0.04595417209701395
Quercus,115,5,Moraine,soil_moraine,Soil,-0.013232247455744,0.0075236240867525,0.0207558715424965,0.0207558715424966,0.0071465169666739,-0.0657723447548607,,1.0,Negative association,Negative association,False,Binary indicator: sign of high-minus-low SHAP contrast,#F3A187,0.02078349307087951
Quercus,115,6,Infill,soil_infill,Soil,-0.0337000291794538,0.0349640864878892,0.068664115667343,0.0686641156673431,0.0189600820741717,0.0386463042187502,,1.0,Positive association,Positive association,False,Binary indicator: sign of high-minus-low SHAP contrast,#D84A36,0.06875549259728383
Quercus,115,7,Bedrock,soil_bedrock,Soil,-0.0231594555079936,0.03058687094599,0.0537463264539836,0.0537463264539837,0.0147009719780686,-0.0271540906357407,,1.0,Negative association,Negative association,False,Binary indicator: sign of high-minus-low SHAP contrast,#F3A187,0.05381785106708364
Quercus,115,8,LST,avg_LST,Atmosphere,-0.0318151934072375,0.0525175094604492,0.0843327028676867,0.0843327028676867,0.0236884729478649,0.0187459443786165,0.1429149167409542,0.6507106241911558,Nonlinear association,Nonlinear association,False,Weak overall direction: |Spearman| < 0.25,#B9BEC5,0.08444493126248603
Quercus,115,9,Radiation,avg_radiation,Atmosphere,-0.0722202025353908,0.0405403554439544,0.1127605579793452,0.1127605579793453,0.0300801955039471,-0.0526550036276979,-0.4787737710092322,0.777936505804669,Negative association,Negative association,False,Directional Spearman and decile pattern,#9BD5E6,0.11291061763578185
Quercus,115,10,Noise,avg_noise_day,Atmosphere,-0.0422024380415678,0.0736239671707153,0.1158264052122831,0.1158264052122831,0.0343782550838944,-0.0832591163967552,-0.8959634594973035,0.9593582485458791,Negative association,Negative association,False,Directional Spearman and decile pattern,#9BD5E6,0.11598054484128026
Quercus,115,11,Illumination,lightemiss,Atmosphere,-0.0686269775032997,0.0231847904622554,0.0918117679655551,0.0918117679655551,0.0227439152810763,-0.0151932115427794,0.0525075289270454,0.6313959091843914,Nonlinear association,Nonlinear association,False,Weak overall direction: |Spearman| < 0.25,#B9BEC5,0.09193394936128992
Sorbus,158,1,View factor,avg_svf,Structure,-0.0261615836061537,0.0779214683920145,0.1040830519981682,0.1040830519981682,0.0304945421764697,-0.0171285723175969,-0.231575504544074,0.5561476788542664,Nonlinear association,Nonlinear association,False,Weak overall direction: |Spearman| < 0.25,#B9BEC5,0.08355730532333669
Sorbus,158,2,Diversity,Mono_Rate,Structure,-0.0548632578924298,0.0435517093166709,0.0984149672091007,0.0984149672091007,0.0271385633143525,0.044858108896629,0.650475022472415,0.6726283220184072,Positive association,Positive association,False,Directional Spearman and decile pattern,#1F7A4D,0.07900699783113317
Sorbus,158,3,Density,Density25,Structure,-0.1262676931917667,0.1802652709186078,0.3065329641103745,0.3065329641103745,0.07824394975559,0.1999458025041134,0.8369127687745259,0.8852797093940892,Positive association,Positive association,False,Directional Spearman and decile pattern,#1F7A4D,0.24608298836479878
Sorbus,158,4,Park condition,type_Puisto,Structure,-0.012530054943636,0.0192976732738316,0.0318277282174676,0.0318277282174676,0.0090628369241441,0.0027431054996489,,1.0,Positive association,Positive association,False,Binary indicator: sign of high-minus-low SHAP contrast,#1F7A4D,0.02555112627233417
Sorbus,158,5,Moraine,soil_moraine,Soil,0.000818632703158,0.0053524975664913,0.006171130269649301,0.0045338648633332,0.0033255452412671,-0.0380595588881049,,1.0,Negative association,Negative association,False,Binary indicator: sign of high-minus-low SHAP contrast,#F3A187,0.0049541496548376265
Sorbus,158,6,Infill,soil_infill,Soil,-0.0198183564469218,0.0239722769707441,0.0437906334176659,0.0437906334176659,0.012817469104252,0.0255170665269775,,1.0,Positive association,Positive association,False,Binary indicator: sign of high-minus-low SHAP contrast,#D84A36,0.03515488118898183
Sorbus,158,7,Bedrock,soil_bedrock,Soil,-0.0405680630356073,0.034124981611967,0.0746930446475743,0.0746930446475744,0.0233525938731677,-0.0466467562576349,,1.0,Negative association,Negative association,False,Binary indicator: sign of high-minus-low SHAP contrast,#F3A187,0.059963168040622274
Sorbus,158,8,LST,avg_LST,Atmosphere,-0.0894825547933578,0.0504435546696186,0.1399261094629764,0.1399261094629764,0.031767533335369,0.0407072512913146,0.3041045189444121,0.5858575622986731,Nonlinear association,Nonlinear association,False,Material decile reversal: monotonicity < 0.65,#B9BEC5,0.11233191597139486
Sorbus,158,9,Radiation,avg_radiation,Atmosphere,-0.0556501392275095,0.0861930269747972,0.1418431662023067,0.1418431662023067,0.0383726070112625,-0.0936244742013514,-0.8313223778559198,0.9175866314286344,Negative association,Negative association,False,Directional Spearman and decile pattern,#9BD5E6,0.1138709186448868
Sorbus,158,10,Noise,avg_noise_day,Atmosphere,-0.1597158066928386,0.0771428700536489,0.2368586767464875,0.2368586767464876,0.0546585784169927,-0.1399801076356105,-0.921648984226423,0.9830460853969464,Negative association,Negative association,False,Directional Spearman and decile pattern,#9BD5E6,0.19014885124367875
Sorbus,158,11,Illumination,lightemiss,Atmosphere,-0.039085778594017,0.0224214879795909,0.061507266573607895,0.0615072665736079,0.0189174768109503,0.0050918431690703,-0.0538157637266062,0.5993106048900605,Nonlinear association,Nonlinear association,False,Weak overall direction: |Spearman| < 0.25,#B9BEC5,0.04937769746399506
Tilia,1540,1,View factor,avg_svf,Structure,-0.0588250422850251,0.0940590240061283,0.1528840662911534,0.1528840662911534,0.0419650333893089,-0.0982836647959977,-0.8288922280538354,0.7989735908224844,Negative association,Negative association,False,Directional Spearman and decile pattern,#9CCFAE,0.11484301462993995
Tilia,1540,2,Diversity,Mono_Rate,Structure,-0.0797467768192291,0.0412659684196114,0.12101274523884051,0.1210127452388405,0.0362189447512341,0.066471380275366,0.8127383059233105,1.0,Positive association,Positive association,False,Directional Spearman and decile pattern,#1F7A4D,0.09090200705027644
Tilia,1540,3,Density,Density25,Structure,-0.1193481162190437,0.0732863318175077,0.1926344480365514,0.1926344480365514,0.0640093404418846,0.112368037764468,0.7659250136094279,0.9410369707179417,Positive association,Positive association,False,Directional Spearman and decile pattern,#1F7A4D,0.1447025924334157
Tilia,1540,4,Park condition,type_Puisto,Structure,-0.0314214006066322,0.0356068853288888,0.067028285935521,0.0670282859355211,0.0178883163683935,0.0336223957189236,,1.0,Positive association,Positive association,False,Binary indicator: sign of high-minus-low SHAP contrast,#1F7A4D,0.050350115672965094
Tilia,1540,5,Moraine,soil_moraine,Soil,0.0008811184234218,0.0073424501344561,0.0082235685578779,0.0064613317110342,0.0047510745330162,-0.0573766371605846,,1.0,Negative association,Negative association,False,Binary indicator: sign of high-minus-low SHAP contrast,#F3A187,0.006177356654055287
Tilia,1540,6,Infill,soil_infill,Soil,-0.0207774997688829,0.0250813248567283,0.0458588246256112,0.0458588246256113,0.0147222324061658,0.0297033356369762,,1.0,Positive association,Positive association,False,Binary indicator: sign of high-minus-low SHAP contrast,#D84A36,0.03444810041460591
Tilia,1540,7,Bedrock,soil_bedrock,Soil,-0.0506885720416903,0.0519506871700286,0.1026392592117189,0.102639259211719,0.0343397533210363,-0.0685442426734777,,1.0,Negative association,Negative association,False,Binary indicator: sign of high-minus-low SHAP contrast,#F3A187,0.07710026448936562
Tilia,1540,8,LST,avg_LST,Atmosphere,-0.0921658772975206,0.0437269331887364,0.135892810486257,0.135892810486257,0.0302861040018726,-0.0175830209680642,-0.2213928166294069,0.5097620866775626,Nonlinear association,Nonlinear association,False,Weak overall direction: |Spearman| < 0.25,#B9BEC5,0.10207957180479527
Tilia,1540,9,Radiation,avg_radiation,Atmosphere,-0.098994518443942,0.1039603549987077,0.2029548734426497,0.2029548734426498,0.0509822732241835,-0.1543669446713182,-0.8948449452359899,0.924306721884322,Negative association,Negative association,False,Directional Spearman and decile pattern,#9BD5E6,0.1524550600034671
Tilia,1540,10,Noise,avg_noise_day,Atmosphere,-0.1535620801150798,0.0612854450941085,0.2148475252091883,0.2148475252091884,0.0528401081506861,-0.1304535470243278,-0.916705929080235,1.0,Negative association,Negative association,False,Directional Spearman and decile pattern,#9BD5E6,0.16138854806370978
Tilia,1540,11,Illumination,lightemiss,Atmosphere,-0.0601653408259153,0.0271021835505962,0.0872675243765115,0.0872675243765115,0.0196988293587286,-0.0094810148697276,-0.1267096916530405,0.6285402858661591,Nonlinear association,Nonlinear association,False,Weak overall direction: |Spearman| < 0.25,#B9BEC5,0.06555336878340393
Ulmus,503,1,View factor,avg_svf,Structure,-0.0358573284000158,0.0571057084947824,0.0929630368947982,0.0929630368947982,0.0226839313363742,-0.0197232836987616,-0.320541308846872,0.5698489827781352,Nonlinear association,Nonlinear association,False,Material decile reversal: monotonicity < 0.65,#B9BEC5,0.08539918188419127
Ulmus,503,2,Diversity,Mono_Rate,Structure,-0.0695221006870269,0.0438808508217334,0.1134029515087603,0.1134029515087604,0.0286011169349511,0.0626595158277688,0.6684538401941731,0.7482092111672214,Positive association,Positive association,False,Directional Spearman and decile pattern,#1F7A4D,0.1041760209819764
Ulmus,503,3,Density,Density25,Structure,-0.117766086757183,0.0788581103086471,0.19662419706583012,0.1966241970658302,0.0607341928028852,0.1469957336777461,0.9221095653659014,1.0,Positive association,Positive association,False,Directional Spearman and decile pattern,#1F7A4D,0.1806260437367174
Ulmus,503,4,Park condition,type_Puisto,Structure,-0.0136464778333902,0.0221364783123135,0.0357829561457037,0.0357829561457037,0.0091439097781165,0.0108446467399885,,1.0,Positive association,Positive association,False,Binary indicator: sign of high-minus-low SHAP contrast,#1F7A4D,0.03287150766921622
Ulmus,503,5,Moraine,soil_moraine,Soil,0.0018058951594866,0.007792724110186,0.0095986192696726,0.0059868289506994,0.0048931675229027,-0.0489718467468558,,1.0,Negative association,Negative association,False,Binary indicator: sign of high-minus-low SHAP contrast,#F3A187,0.008817636129674901
Ulmus,503,6,Infill,soil_infill,Soil,-0.0240728922188282,0.0319173045456409,0.055990196764469105,0.0559901967644691,0.0190180708217609,0.0386020311087881,,1.0,Positive association,Positive association,False,Binary indicator: sign of high-minus-low SHAP contrast,#D84A36,0.051434604084971615
Ulmus,503,7,Bedrock,soil_bedrock,Soil,-0.0459194023162126,0.0534534182399511,0.0993728205561637,0.0993728205561637,0.0344682458341936,-0.0687575441050065,,1.0,Negative association,Negative association,False,Binary indicator: sign of high-minus-low SHAP contrast,#F3A187,0.09128743918536705
Ulmus,503,8,LST,avg_LST,Atmosphere,-0.0867578223347664,0.0448296938091516,0.131587516143918,0.131587516143918,0.0308907196025174,-0.0023235390481348,-0.0061136373815935,0.538678387445965,Nonlinear association,Nonlinear association,False,Weak overall direction: |Spearman| < 0.25,#B9BEC5,0.1208810146508048
Ulmus,503,9,Radiation,avg_radiation,Atmosphere,-0.1021640323102474,0.0670944623649119,0.1692584946751593,0.1692584946751593,0.0402249307529635,-0.1078191842174246,-0.8570813175473208,0.9237450087629367,Negative association,Negative association,False,Directional Spearman and decile pattern,#9BD5E6,0.1554869274394064
Ulmus,503,10,Noise,avg_noise_day,Atmosphere,-0.0509225316345691,0.049469444528222,0.10039197616279111,0.1003919761627912,0.0244966028142555,-0.0569725388506701,-0.8275182302233555,0.874574690222895,Negative association,Negative association,False,Directional Spearman and decile pattern,#9BD5E6,0.09222367210036057
Ulmus,503,11,Illumination,lightemiss,Atmosphere,-0.0530914824455976,0.0305063316598534,0.083597814105451,0.083597814105451,0.0219534999702898,-0.0058154088131002,-0.0242794774472027,0.5169431856487097,Nonlinear association,Nonlinear association,False,Weak overall direction: |Spearman| < 0.25,#B9BEC5,0.07679595213731337
